hours_sleep,productivity
9.175885,92.5713
9.405027,93.7877
5.680046,66.747284
9.715139,97.57765
5.7331376,66.4708
7.2062674,76.57917
4.796007,59.618652
8.55549,87.006096
9.585401,98.285576
3.9323015,51.079327
9.542187,96.05527
7.1550574,76.08373
9.085831,92.956474
6.974007,72.601906
8.187658,85.30014
6.0058317,66.485504
9.1981,94.73894
7.017331,79.97477
4.8660603,59.785892
7.392144,81.1765
4.8874216,59.74953
6.0895452,67.64058
5.078446,62.21062
8.821798,88.394295
3.7372043,52.501846
4.8864636,61.844254
5.511688,65.41353
4.3955464,55.24849
6.830341,75.21
3.043123,45.402657
9.660882,94.70151
3.5268612,46.94967
9.202096,92.88748
7.082467,76.15575
5.363534,62.963345
8.662825,90.0427
7.045478,77.691895
9.327871,94.89664
6.882619,76.240524
5.396194,63.082672
7.440393,79.7277
5.550872,64.87018
7.9730015,86.27653
9.624878,97.2617
8.523209,89.09828
4.9698963,62.205475
8.520427,88.03633
7.1262417,78.63655
8.277423,86.51244
4.366732,52.931293
3.0353203,44.874332
5.147738,63.740974
3.8154202,49.332447
9.371886,95.53794
7.5081096,80.19675
7.9497476,81.73575
7.606914,80.00593
6.439114,72.11129
9.239129,95.96727
4.0132027,51.727783
6.720373,76.61345
4.1111093,55.431496
7.579232,80.675995
5.294662,62.094242
7.572457,81.19247
5.770805,64.27504
9.402871,96.59774
4.4255433,55.36234
4.412607,54.973194
4.412481,55.549297
9.648049,100.40065
7.666379,83.887886
9.867878,101.262085
3.6115332,49.709396
3.0284336,45.71766
3.7617269,50.85382
4.1455884,52.955173
7.9176407,81.57
7.7532654,80.10173
9.408236,95.938614
4.692511,58.27552
4.114009,52.25587
8.357023,85.02602
5.085284,59.80415
8.624233,89.99342
5.669448,65.24419
8.502161,87.70288
3.780612,50.494377
4.733726,55.122364
7.5670676,81.07204
7.2399263,79.29085
5.6076446,68.14352
8.586243,87.21221
8.879333,87.30197
3.9618933,51.198166
4.631461,58.31706
9.704817,97.16118
5.3189864,64.37503
5.2591925,64.20349
3.1134188,44.825375
4.495654,56.00228
7.374313,77.398285
6.038024,67.1639
3.959399,51.063934
6.5820985,73.12259
4.109215,53.430893
3.5306118,48.64942
4.572681,57.766438
3.4367578,48.910973
4.2714167,51.797726
9.9986315,101.46974
7.1610622,79.00701
7.578559,76.56237
3.235605,44.965332
4.2012916,55.697926
5.335005,63.01432
7.047299,77.4042
3.4202754,45.37532
4.9919443,59.16143
4.40466,56.137558
6.5096993,72.69935
5.1976385,63.630642
6.257465,72.15181
4.128296,51.91698
4.097617,52.055946
4.4580936,54.554306
5.301959,62.887093
3.7375169,50.11247
9.434645,95.024796
5.805376,64.338
9.511389,94.10051
7.590537,79.23216
3.5362105,47.548687
8.922123,93.0819
5.536993,63.603184
5.1583586,63.39684
3.5947533,49.989628
3.0204377,44.062206
7.501387,81.43469
5.7354465,65.28607
7.862631,83.9359
3.627678,47.05202
9.098502,92.84473
3.930812,49.691177
5.895643,70.714775
7.231044,76.89983
8.306881,85.91277
9.325586,92.06719
9.688357,95.43103
3.7247725,50.52849
7.3808355,77.54364
4.9945593,60.005898
6.116453,71.20626
3.8802848,50.383884
9.688005,96.90418
3.9311733,49.455685
8.37058,89.35173
7.7300386,81.65909
7.637346,80.37424
4.6077385,57.031857
9.681331,99.13457
7.2691264,80.026665
6.95024,77.73099
3.4156082,47.55276
7.9692597,85.39903
5.974928,66.77388
4.896565,59.271584
9.506313,96.04935
7.2803206,78.0535
4.5635324,55.589333
4.7285137,57.102787
6.332855,69.85001
8.454265,86.04454
5.605632,65.30365
4.502988,56.646492
5.30145,61.335476
3.8852382,51.390717
7.748214,82.394005
9.209141,93.76441
3.204959,43.873512
7.3128777,80.93556
8.308071,87.74147
7.1346526,76.47652
5.253564,61.11527
8.3267975,87.68442
8.339296,87.50914
7.8087454,81.10477
5.884975,68.10927
5.5731955,63.910107
6.874433,74.88602
5.8817105,66.23175
5.4569964,61.942142
8.737225,88.39639
9.507898,95.96854
6.153509,67.78705
5.716361,66.977974
6.551073,74.1785
6.2910213,69.83103
7.3414392,79.70577
7.480818,79.98898
3.3211012,47.99806
5.208368,63.450546
9.4474535,94.72717
7.8634424,81.63231
6.3259187,69.161575
4.3898296,51.268448
4.358682,55.933876
3.364816,48.14829
5.3591313,64.24458
7.681965,82.96998
8.731676,91.19534
8.115941,84.495834
3.4061959,45.20391
4.3952312,55.451286
5.947642,66.66563
9.885723,99.330635
7.0063014,75.46364
5.593602,65.0036
7.9480033,82.27843
5.1669145,61.381077
4.2346053,54.659386
9.0546055,91.74104
4.9085436,59.541916
5.7983665,65.80694
3.0181851,41.40053
8.842447,91.286644
9.151721,94.39774
7.7755685,80.20346
4.0595403,54.4921
3.0457103,42.427338
3.6573737,50.40835
9.109951,93.84771
8.18037,86.60979
9.445266,95.47569
8.333545,84.69266
7.385823,79.32386
6.4657254,72.10685
3.838229,50.437244
3.5012975,49.809307
3.2262797,45.166412
7.932767,84.27794
4.781612,57.47077
5.795616,65.2286
4.4857316,55.77241
5.8622174,64.29133
4.0365777,52.104595
4.213045,51.65564
7.660988,82.95552
5.4598126,63.11395
8.660701,90.76673
5.377169,63.979607
3.9325147,49.463093
5.882464,70.07034
4.803384,56.547417
5.4292045,65.11194
3.1680155,48.00404
8.458219,89.04965
4.063284,53.23702
8.259162,88.311226
8.088244,84.72585
9.000515,94.793365
3.8153179,54.455765
9.017189,92.69109
4.8453693,59.3334
7.7987423,84.27563
9.786901,100.12116
6.0063887,68.92703
6.472933,76.85997
5.694193,66.2644
3.5775542,49.59594
8.17966,87.18664
3.0254874,44.229305
8.6728,89.73298
9.118788,95.06282
9.809973,95.37682
5.674422,66.69822
3.6242533,47.789204
7.286906,76.61389
8.4334955,87.76143
3.0164194,42.95908
5.7055573,64.72655
4.401906,56.11918
6.1938767,68.29674
4.7772527,57.718132
5.0693135,61.34321
5.388894,65.63534
3.173936,45.53659
9.371777,95.359825
9.434159,96.182434
5.9509583,68.1537
6.101413,68.3895
5.0715804,59.01641
3.3392801,45.967823
3.0939946,44.478535
7.8008046,82.08843
4.5783386,57.851036
4.2499304,55.346767
6.2269187,69.584526
5.334461,61.823395
5.367677,62.811226
