model,MSE,RMSE,MAE,R2
nn_v1_earlystop,517614944.0,22751.152586187804,16597.271484375,0.8941610455513
nn_sgd,525588800.0,22925.72354365288,15786.482421875,0.892530620098114
linear,529371360.0,23008.07162714859,16549.455078125,0.8917571306228638
nn_v3_dropout,542609728.0,23293.984802948595,16234.970703125,0.8890502452850342
nn_lr_0.001,544442368.0,23333.288838052813,16164.7255859375,0.8886755108833313
nn_v2_earlystop,561057600.0,23686.65447039746,16610.390625,0.8852781057357788
nn_v2_deeper,572771136.0,23932.63746434981,16907.091796875,0.8828830122947693
nn_v2_deeper,572771136.0,23932.63746434981,16907.091796875,0.8828830122947693
nn_patience_30,591487104.0,24320.50788943356,17286.396484375,0.8790560960769653
nn_v1_2layers,654602624.0,25585.20322373852,18304.603515625,0.8661505579948425
nn_v1_2layers,654602624.0,25585.20322373852,18304.603515625,0.8661505579948425
baseline,4942153901.178082,70300.45448770642,54313.479452054795,-0.010543657028298181
